order_id,customer_id,product_id,order_date,region,quantity,discount,sales,profit
O0001,C003,P019,2024-09-27,West,9,0.0,3389.82,-594.63
O0002,C025,P016,2023-12-25,West,1,0.1,288.11,37.45
O0003,C086,P094,2025-06-18,West,9,0.0,1540.8,398.73
O0004,C043,P031,2025-05-02,North,6,0.1,1345.63,-105.09
O0005,C100,P030,2023-11-26,North,1,0.2,382.55,31.27
O0006,C002,P048,2025-01-23,North,8,0.0,2726.54,624.04
O0007,C009,P084,2024-06-13,West,9,0.15,1211.87,235.49
O0008,C094,P083,2024-04-15,North,8,0.2,2277.89,235.54
O0009,C017,P041,2024-11-01,North,8,0.2,2744.35,-372.52
O0010,C068,P091,2024-09-28,East,1,0.15,349.83,-8.54
O0011,C084,P013,2024-01-19,South,2,0.15,460.92,-43.75
O0012,C022,P088,2023-07-26,South,10,0.0,1196.07,157.93
O0013,C061,P020,2025-03-02,North,3,0.2,271.0,39.25
O0014,C092,P043,2025-07-11,West,4,0.1,764.87,78.17
O0015,C037,P090,2024-10-05,North,2,0.1,637.48,122.18
O0016,C048,P092,2023-11-03,South,10,0.15,2801.53,417.88
O0017,C082,P009,2025-04-19,South,8,0.15,762.71,226.66
O0018,C079,P031,2023-10-12,South,5,0.15,1219.13,290.35
O0019,C066,P009,2023-09-10,West,10,0.0,1836.06,64.85
O0020,C085,P097,2025-06-26,East,9,0.15,280.49,14.51
O0021,C013,P016,2025-06-20,East,8,0.15,193.35,48.73
O0022,C015,P024,2024-05-31,East,9,0.1,3947.69,283.55
O0023,C053,P047,2024-08-23,West,10,0.0,815.21,-31.52
O0024,C018,P093,2025-03-24,South,9,0.1,3402.18,374.72
O0025,C067,P027,2025-04-10,North,6,0.0,2877.84,848.8
O0026,C055,P063,2025-01-18,North,3,0.2,786.65,128.88
O0027,C099,P016,2024-08-06,East,5,0.0,2479.51,-29.78
O0028,C085,P050,2024-06-21,West,9,0.2,650.62,-4.88
O0029,C040,P100,2024-03-28,West,7,0.2,2683.57,-326.62
O0030,C023,P021,2025-03-30,East,7,0.2,886.19,125.08
O0031,C098,P079,2025-03-15,North,6,0.2,227.9,21.57
O0032,C034,P097,2024-08-15,East,5,0.1,176.91,28.82
O0033,C045,P033,2025-05-02,North,8,0.0,3619.41,1010.28
O0034,C075,P094,2024-11-09,South,2,0.2,267.01,67.7
O0035,C051,P019,2024-03-25,South,5,0.2,1593.29,132.56
O0036,C082,P044,2024-10-27,West,3,0.1,1004.15,-56.83
O0037,C052,P025,2024-02-19,East,6,0.0,1728.72,-114.94
O0038,C025,P097,2025-05-12,East,4,0.15,1577.84,317.71
O0039,C001,P030,2024-01-06,West,2,0.1,178.38,-17.81
O0040,C044,P052,2025-04-03,North,5,0.0,721.17,48.26
O0041,C042,P013,2023-07-25,West,4,0.0,1319.69,79.01
O0042,C097,P086,2025-06-21,North,9,0.2,1804.31,16.63
O0043,C048,P070,2023-07-30,North,7,0.1,2587.23,-277.81
O0044,C001,P053,2023-10-22,South,9,0.0,1570.34,-203.5
O0045,C048,P019,2024-10-09,South,2,0.2,243.81,-23.33
O0046,C092,P079,2023-11-20,East,4,0.1,776.4,-70.05
O0047,C087,P043,2024-10-18,South,1,0.0,78.09,-8.76
O0048,C066,P013,2023-08-16,East,9,0.1,2336.65,39.53
O0049,C095,P047,2024-09-08,South,4,0.15,1145.03,-224.18
O0050,C084,P021,2025-04-10,East,1,0.2,392.93,-17.94
O0051,C057,P041,2025-05-14,North,5,0.1,1849.92,236.73
O0052,C061,P058,2024-03-19,West,2,0.1,662.08,-118.5
O0053,C045,P016,2023-10-30,East,6,0.2,2112.03,343.64
O0054,C019,P038,2023-08-26,East,8,0.1,3504.92,-681.32
O0055,C088,P095,2024-07-02,North,7,0.0,680.51,-22.49
O0056,C005,P070,2023-11-14,West,6,0.15,371.87,71.2
O0057,C035,P043,2024-11-10,West,2,0.2,277.78,-46.2
O0058,C074,P082,2025-07-06,East,8,0.2,500.76,-26.33
O0059,C011,P021,2025-04-07,West,5,0.2,1648.02,-128.99
O0060,C096,P092,2024-05-29,West,7,0.1,1493.76,338.27
O0061,C029,P094,2023-11-22,East,9,0.2,1099.77,-174.93
O0062,C033,P087,2024-11-01,East,8,0.15,1542.14,180.25
O0063,C077,P035,2023-11-11,North,4,0.0,997.03,-51.78
O0064,C033,P092,2024-06-16,South,5,0.2,695.4,90.64
O0065,C021,P070,2024-11-08,West,2,0.0,908.51,-24.59
O0066,C065,P047,2023-10-10,East,6,0.1,880.79,6.14
O0067,C025,P040,2023-10-29,West,2,0.15,534.68,-32.7
O0068,C003,P061,2024-06-17,North,5,0.2,646.73,134.3
O0069,C024,P083,2024-09-24,North,3,0.1,73.21,16.94
O0070,C005,P059,2024-11-20,East,6,0.15,847.43,246.74
O0071,C069,P083,2024-06-06,South,8,0.1,2490.34,572.48
O0072,C032,P075,2023-08-07,North,6,0.15,1704.73,98.44
O0073,C051,P092,2024-07-29,South,4,0.1,1401.2,342.86
O0074,C054,P080,2024-04-29,East,4,0.0,343.4,44.21
O0075,C063,P041,2025-05-12,North,2,0.15,226.81,56.4
O0076,C007,P076,2024-01-21,North,10,0.2,1614.72,138.03
O0077,C038,P089,2024-09-22,South,1,0.1,31.62,7.54
O0078,C089,P034,2025-06-12,North,7,0.2,1917.65,132.38
O0079,C072,P041,2023-11-25,North,8,0.1,2375.12,448.36
O0080,C060,P037,2025-03-04,North,2,0.1,47.22,11.48
O0081,C100,P062,2024-10-10,North,10,0.2,1228.83,-49.97
O0082,C042,P017,2024-06-01,North,3,0.1,1348.36,-68.82
O0083,C012,P070,2024-11-26,South,1,0.15,211.13,-35.13
O0084,C061,P026,2024-09-01,North,4,0.2,95.29,15.73
O0085,C031,P075,2025-06-22,East,6,0.2,289.63,56.81
O0086,C005,P005,2024-05-11,South,5,0.2,597.91,143.4
O0087,C065,P021,2023-11-12,East,4,0.1,817.66,126.58
O0088,C024,P016,2024-03-22,North,4,0.2,891.89,168.19
O0089,C015,P090,2023-08-17,South,1,0.2,172.44,-4.45
O0090,C001,P044,2025-06-04,East,5,0.0,1607.17,472.38
O0091,C014,P060,2023-09-04,South,2,0.1,465.96,-5.8
O0092,C079,P099,2023-07-27,South,10,0.1,939.09,38.15
O0093,C006,P043,2025-04-17,South,6,0.2,1096.99,-53.42
O0094,C007,P045,2025-02-05,East,5,0.1,513.62,-16.9
O0095,C044,P086,2025-06-06,North,5,0.0,1016.21,23.73
O0096,C029,P063,2025-02-04,West,6,0.1,1532.5,28.88
O0097,C057,P073,2025-05-04,North,9,0.15,1818.4,363.43
O0098,C083,P069,2024-10-18,West,2,0.0,533.56,30.8
O0099,C013,P009,2024-08-02,North,1,0.2,111.4,-11.61
O0100,C005,P083,2024-04-26,West,1,0.15,21.85,-4.0
O0101,C065,P044,2025-01-01,East,1,0.2,202.91,20.73
O0102,C024,P092,2023-10-12,South,5,0.1,2129.81,314.48
O0103,C096,P047,2025-05-04,West,1,0.1,250.64,17.87
O0104,C091,P023,2024-06-21,South,4,0.2,1078.66,222.53
O0105,C014,P055,2023-07-18,South,5,0.2,568.62,-57.86
O0106,C037,P038,2023-10-18,South,4,0.2,495.18,-85.5
O0107,C029,P094,2024-01-25,North,2,0.0,420.37,-53.43
O0108,C009,P046,2023-08-26,East,6,0.15,1072.21,168.12
O0109,C076,P017,2025-04-10,South,9,0.2,3049.1,-540.28
O0110,C004,P016,2024-12-05,West,6,0.1,1484.26,27.06
O0111,C029,P099,2024-01-11,West,3,0.0,915.05,92.2
O0112,C036,P003,2023-09-07,South,4,0.15,1220.72,189.18
O0113,C008,P076,2024-08-18,West,1,0.15,275.95,74.32
O0114,C085,P022,2025-03-02,North,7,0.0,773.71,230.06
O0115,C070,P008,2023-09-09,West,1,0.0,244.64,-22.3
O0116,C078,P096,2024-12-20,North,1,0.0,160.32,-23.66
O0117,C058,P014,2024-05-30,South,9,0.1,1066.62,-56.63
O0118,C064,P039,2023-10-12,South,6,0.0,2212.21,-333.56
O0119,C053,P079,2024-07-18,West,7,0.2,1635.52,-192.99
O0120,C010,P054,2024-12-09,North,1,0.2,181.03,6.53
O0121,C079,P072,2025-01-28,South,4,0.1,1673.07,-165.39
O0122,C010,P069,2025-01-21,South,4,0.1,620.98,-11.02
O0123,C036,P070,2023-09-13,East,10,0.15,1901.31,154.68
O0124,C069,P001,2024-08-05,North,9,0.1,1058.24,186.05
O0125,C088,P067,2024-03-21,East,3,0.2,714.66,-5.37
O0126,C021,P071,2024-08-25,West,1,0.0,348.19,97.44
O0127,C060,P066,2025-04-10,East,5,0.1,1538.12,-15.33
O0128,C025,P059,2024-09-09,North,2,0.1,144.78,-15.49
O0129,C088,P011,2024-03-31,East,2,0.2,706.66,-102.13
O0130,C064,P062,2025-02-03,West,1,0.2,40.6,6.2
O0131,C099,P095,2024-05-20,North,9,0.1,2484.2,69.03
O0132,C036,P026,2025-06-27,East,7,0.0,220.69,4.3
O0133,C010,P059,2024-02-16,South,4,0.1,634.56,91.67
O0134,C038,P002,2024-01-23,North,1,0.2,74.29,5.3
O0135,C044,P096,2023-10-29,East,7,0.2,2216.04,214.5
O0136,C002,P071,2025-06-25,North,1,0.1,265.9,29.43
O0137,C100,P083,2025-06-19,North,9,0.0,1546.97,-306.85
O0138,C097,P011,2025-04-24,North,7,0.2,1845.97,259.89
O0139,C042,P014,2025-01-09,North,2,0.2,383.5,100.64
O0140,C065,P039,2023-11-20,East,4,0.15,292.01,11.32
O0141,C074,P022,2024-09-20,West,4,0.1,1440.75,33.44
O0142,C011,P071,2024-05-28,South,10,0.0,532.41,39.82
O0143,C074,P008,2024-02-19,North,10,0.15,3896.62,379.95
O0144,C077,P056,2024-06-22,North,10,0.1,951.28,9.1
O0145,C051,P050,2024-10-21,West,8,0.1,2460.68,-379.28
O0146,C097,P061,2024-10-12,East,1,0.2,132.54,34.21
O0147,C027,P063,2024-10-19,East,5,0.0,958.38,169.92
O0148,C001,P051,2023-12-31,West,2,0.1,515.04,42.02
O0149,C093,P037,2025-04-30,North,7,0.2,1279.2,-243.38
O0150,C072,P031,2024-12-16,West,4,0.15,419.5,125.83
O0151,C046,P059,2024-11-24,East,2,0.1,92.46,25.09
O0152,C038,P047,2024-05-20,East,9,0.0,1712.2,-96.02
O0153,C025,P075,2024-01-02,North,3,0.0,124.88,20.93
O0154,C055,P007,2025-02-09,East,5,0.2,1041.84,-193.59
O0155,C015,P081,2025-05-18,North,10,0.1,379.04,68.91
O0156,C100,P007,2024-06-06,North,10,0.1,3123.52,752.9
O0157,C025,P018,2023-10-26,East,3,0.0,612.1,-23.43
O0158,C088,P043,2024-12-09,South,5,0.15,1870.79,379.95
O0159,C082,P039,2023-10-24,West,7,0.0,1915.86,53.26
O0160,C019,P099,2023-09-24,North,7,0.0,3295.17,787.09
O0161,C050,P089,2023-12-03,East,8,0.15,3315.16,-415.01
O0162,C033,P073,2023-09-30,South,8,0.0,3366.01,25.69
O0163,C078,P033,2024-04-27,West,4,0.2,604.85,145.94
O0164,C007,P015,2024-04-21,North,5,0.0,2106.65,186.05
O0165,C056,P008,2025-01-10,North,4,0.15,1636.39,210.73
O0166,C090,P029,2024-09-25,South,4,0.2,1124.87,-150.33
O0167,C077,P093,2025-07-12,South,1,0.15,33.74,7.6
O0168,C054,P046,2024-01-22,West,4,0.2,488.27,26.9
O0169,C089,P095,2025-07-12,West,9,0.0,2831.16,560.92
O0170,C059,P018,2024-02-04,West,9,0.2,538.26,66.16
O0171,C067,P083,2024-11-21,West,4,0.0,1009.23,152.97
O0172,C036,P058,2024-05-12,South,8,0.2,1153.56,-193.25
O0173,C028,P076,2025-04-19,East,4,0.2,349.47,82.76
O0174,C079,P038,2024-06-15,North,9,0.2,2073.08,-266.1
O0175,C006,P068,2025-02-05,South,8,0.0,1150.81,293.9
O0176,C070,P076,2024-06-20,East,2,0.0,710.03,18.44
O0177,C068,P090,2025-06-29,South,3,0.15,731.39,-67.35
O0178,C001,P096,2024-09-18,South,8,0.15,1558.21,-248.87
O0179,C041,P035,2024-08-11,North,6,0.0,599.68,69.65
O0180,C030,P056,2023-09-25,South,7,0.2,2533.79,-73.89
O0181,C036,P072,2025-06-10,West,9,0.1,796.07,203.15
O0182,C039,P044,2023-12-30,East,3,0.0,98.67,24.59
O0183,C074,P010,2025-01-24,East,5,0.0,107.62,-2.15
O0184,C040,P045,2024-10-24,East,2,0.0,803.39,-150.39
O0185,C085,P032,2024-11-10,East,9,0.15,1573.54,300.06
O0186,C017,P004,2024-07-25,East,2,0.1,585.85,5.46
O0187,C001,P029,2023-08-24,North,9,0.0,590.55,90.8
O0188,C022,P035,2023-08-04,North,1,0.0,251.9,-49.59
O0189,C007,P053,2024-11-09,South,8,0.15,2647.92,635.38
O0190,C090,P031,2024-10-22,West,6,0.15,208.64,43.79
O0191,C073,P001,2025-06-28,East,5,0.15,1962.99,-336.63
O0192,C068,P034,2024-08-26,West,5,0.0,2416.04,-477.31
O0193,C039,P029,2025-07-02,South,8,0.1,838.61,-10.07
O0194,C003,P082,2024-05-26,West,1,0.0,204.96,-21.16
O0195,C001,P097,2025-01-13,North,10,0.2,2035.25,307.51
O0196,C065,P081,2025-06-25,West,10,0.0,2087.8,90.64
O0197,C053,P058,2024-10-31,West,1,0.1,286.4,12.72
O0198,C081,P028,2024-11-07,East,2,0.2,587.55,-10.76
O0199,C065,P040,2023-09-10,South,10,0.1,2494.23,-391.4
O0200,C085,P067,2024-02-02,East,1,0.1,180.85,-0.43
O0201,C070,P070,2023-12-16,North,10,0.1,2284.08,-93.23
O0202,C047,P005,2024-02-19,West,9,0.15,844.52,36.59
O0203,C043,P069,2024-02-16,South,9,0.15,1891.69,497.02
O0204,C061,P017,2024-02-04,South,1,0.0,53.81,1.63
O0205,C093,P064,2023-12-20,North,3,0.2,704.69,-74.54
O0206,C035,P025,2023-07-16,East,5,0.2,1928.06,-350.36
O0207,C071,P064,2024-07-09,East,2,0.0,342.3,-44.66
O0208,C058,P028,2023-07-17,North,6,0.1,1240.9,287.52
O0209,C036,P033,2025-02-03,North,7,0.1,316.1,94.56
O0210,C029,P028,2024-08-14,North,8,0.15,1160.3,-122.89
O0211,C085,P001,2025-01-15,East,4,0.1,520.04,-33.78
O0212,C068,P006,2025-01-23,North,10,0.15,4127.06,1200.5
O0213,C005,P051,2024-11-22,East,5,0.15,1606.43,463.53
O0214,C074,P063,2023-12-06,North,5,0.2,344.15,72.64
O0215,C004,P036,2024-12-07,South,6,0.2,250.77,-6.7
O0216,C083,P096,2023-12-21,North,6,0.15,2265.38,629.07
O0217,C083,P047,2023-12-31,West,9,0.2,2956.54,447.6
O0218,C010,P023,2024-03-12,East,9,0.15,2860.09,788.59
O0219,C049,P002,2024-06-12,East,9,0.1,328.74,63.23
O0220,C094,P062,2024-07-18,North,7,0.2,2358.82,-293.96
O0221,C084,P055,2025-05-18,West,3,0.1,820.46,17.52
O0222,C061,P043,2024-10-05,East,7,0.0,1744.18,-257.77
O0223,C050,P040,2025-01-14,North,5,0.2,835.59,-139.84
O0224,C052,P006,2023-12-19,North,3,0.15,90.21,-3.86
O0225,C060,P043,2024-09-06,South,9,0.1,1656.69,96.81
O0226,C003,P014,2025-06-26,West,6,0.0,2668.03,-275.46
O0227,C062,P045,2024-12-16,South,2,0.1,445.59,-67.08
O0228,C050,P066,2024-05-15,East,2,0.1,360.51,67.2
O0229,C095,P029,2024-06-03,West,1,0.2,100.8,8.63
O0230,C012,P090,2024-04-22,West,4,0.2,485.85,-77.38
O0231,C041,P022,2025-05-14,North,1,0.2,231.43,-35.16
O0232,C025,P048,2024-01-15,East,8,0.0,2510.14,393.89
O0233,C098,P010,2024-06-16,South,2,0.2,47.6,-2.64
O0234,C042,P096,2024-07-14,North,6,0.15,459.11,-27.16
O0235,C041,P042,2024-01-04,East,8,0.1,3502.24,756.29
O0236,C005,P010,2024-03-26,North,8,0.0,3528.1,769.65
O0237,C053,P033,2023-09-23,West,2,0.1,395.75,54.6
O0238,C069,P100,2024-05-14,West,1,0.2,144.11,4.51
O0239,C005,P095,2024-06-17,South,1,0.1,23.77,-2.06
O0240,C003,P092,2023-10-09,North,3,0.1,431.58,59.91
O0241,C010,P085,2024-04-20,North,5,0.1,1395.57,189.13
O0242,C017,P078,2024-11-13,South,1,0.2,56.01,-0.73
O0243,C096,P043,2024-08-22,East,9,0.0,2210.38,117.75
O0244,C083,P058,2024-01-02,South,2,0.0,177.08,3.83
O0245,C005,P067,2024-12-02,West,3,0.15,213.93,12.56
O0246,C091,P035,2024-12-14,North,4,0.1,121.03,-6.98
O0247,C016,P070,2025-05-31,South,7,0.0,2954.41,-298.27
O0248,C020,P016,2024-10-17,North,8,0.1,1347.98,-55.32
O0249,C067,P035,2024-11-08,West,7,0.2,785.55,170.39
O0250,C008,P057,2025-06-06,East,7,0.2,1141.66,-74.41
O0251,C012,P020,2025-03-24,West,9,0.15,1978.68,94.61
O0252,C032,P092,2025-07-07,East,3,0.15,521.68,86.01
O0253,C066,P060,2025-02-18,North,10,0.15,3590.42,175.6
O0254,C036,P022,2025-05-23,North,9,0.2,3343.65,-107.36
O0255,C063,P023,2024-09-10,East,6,0.0,1404.82,320.59
O0256,C008,P090,2025-05-04,North,6,0.1,1633.93,22.66
O0257,C072,P040,2024-09-03,West,10,0.15,524.04,-88.38
O0258,C009,P049,2024-11-25,South,4,0.0,1096.3,287.61
O0259,C041,P058,2025-03-29,South,5,0.15,971.95,-51.52
O0260,C004,P044,2025-01-02,West,8,0.15,1316.24,393.82
O0261,C010,P042,2024-07-03,South,10,0.15,3568.72,-259.03
O0262,C054,P029,2024-01-10,West,8,0.0,3446.36,485.09
O0263,C009,P014,2024-08-11,West,8,0.0,366.73,28.09
O0264,C057,P078,2024-03-02,South,5,0.1,1542.92,399.36
O0265,C073,P017,2023-10-21,East,9,0.15,156.34,-24.32
O0266,C065,P077,2023-11-16,West,8,0.0,3244.44,-112.92
O0267,C029,P092,2024-12-14,West,1,0.2,184.75,40.41
O0268,C085,P090,2025-02-12,North,6,0.2,2312.49,-118.18
O0269,C024,P002,2023-12-17,East,7,0.15,2133.56,-29.23
O0270,C028,P093,2025-04-03,North,3,0.2,171.67,35.22
O0271,C001,P036,2024-07-02,North,6,0.1,1578.44,-35.74
O0272,C041,P039,2025-01-22,West,1,0.1,43.45,11.52
O0273,C017,P078,2025-04-26,West,2,0.0,276.27,-13.11
O0274,C034,P002,2024-06-07,West,9,0.2,934.89,-30.16
O0275,C057,P086,2024-07-24,West,8,0.0,1724.8,146.77
O0276,C026,P028,2023-12-16,South,4,0.15,894.83,-7.54
O0277,C022,P065,2025-06-28,West,8,0.0,1245.22,-30.08
O0278,C074,P039,2024-02-06,South,6,0.2,243.22,-46.07
O0279,C096,P017,2025-07-11,East,6,0.0,368.58,-71.49
O0280,C002,P058,2024-12-01,North,3,0.2,851.95,171.78
O0281,C016,P088,2023-09-05,East,4,0.0,907.14,270.54
O0282,C010,P011,2024-02-08,South,2,0.0,567.38,33.16
O0283,C002,P064,2025-04-12,South,3,0.2,571.81,-2.88
O0284,C024,P017,2024-08-21,North,7,0.0,1720.5,434.3
O0285,C085,P004,2023-10-26,North,3,0.1,54.08,15.43
O0286,C073,P053,2024-04-26,East,9,0.2,2197.59,-434.87
O0287,C050,P026,2025-06-28,South,10,0.15,3527.72,-268.94
O0288,C047,P002,2025-03-02,East,6,0.1,2526.8,176.57
O0289,C013,P079,2025-02-14,South,2,0.0,912.48,-56.25
O0290,C059,P070,2025-05-31,South,5,0.2,1375.39,-199.36
O0291,C059,P074,2025-01-28,West,6,0.0,1558.9,-265.86
O0292,C026,P084,2023-10-18,South,7,0.15,1315.11,186.66
O0293,C035,P028,2024-10-28,East,10,0.0,1636.52,214.4
O0294,C037,P015,2023-10-08,West,1,0.2,338.55,72.93
O0295,C011,P049,2024-10-23,North,7,0.15,1009.05,269.99
O0296,C001,P014,2025-05-29,East,3,0.1,508.41,-33.22
O0297,C086,P089,2023-09-09,North,9,0.2,1228.14,-54.87
O0298,C015,P098,2024-01-29,West,7,0.1,1887.51,82.16
O0299,C033,P077,2024-03-26,East,1,0.2,298.92,46.36
O0300,C024,P057,2023-08-20,West,8,0.1,722.56,212.12
O0301,C008,P004,2025-03-30,North,2,0.15,722.53,162.73
O0302,C094,P009,2024-04-20,North,1,0.1,98.76,13.62
O0303,C013,P028,2024-08-20,South,1,0.0,481.6,79.07
O0304,C033,P046,2024-10-10,West,3,0.15,370.29,-61.66
O0305,C095,P045,2024-04-17,East,5,0.2,579.45,48.9
O0306,C042,P022,2024-07-04,North,10,0.0,4319.58,-567.77
O0307,C067,P010,2023-11-24,South,4,0.2,1337.88,172.46
O0308,C053,P021,2023-08-28,East,1,0.1,238.03,-1.49
O0309,C086,P062,2024-12-01,South,7,0.2,2126.66,-130.83
O0310,C062,P069,2024-12-05,South,10,0.15,541.09,-96.21
O0311,C083,P067,2025-07-12,West,10,0.1,2494.34,157.98
O0312,C039,P096,2024-12-18,East,5,0.15,1890.17,524.23
O0313,C020,P017,2025-01-11,West,6,0.2,2260.36,89.09
O0314,C004,P050,2025-02-06,West,8,0.2,1129.28,251.29
O0315,C059,P029,2025-06-30,East,5,0.2,295.46,-11.78
O0316,C041,P096,2025-06-17,North,3,0.1,1090.64,86.93
O0317,C047,P006,2023-12-01,West,2,0.0,777.25,116.65
O0318,C043,P071,2025-05-09,West,6,0.2,1563.25,7.31
O0319,C050,P043,2025-01-18,East,5,0.2,1652.21,196.38
O0320,C095,P029,2023-09-18,East,8,0.2,189.47,25.01
O0321,C022,P100,2024-03-02,East,2,0.0,607.2,126.55
O0322,C053,P056,2023-12-30,West,7,0.0,576.84,69.36
O0323,C084,P076,2024-04-22,East,7,0.15,196.11,30.4
O0324,C051,P050,2023-09-19,East,6,0.1,225.38,61.25
O0325,C046,P060,2025-02-16,East,5,0.0,120.01,14.33
O0326,C038,P084,2025-03-12,South,4,0.0,1872.55,-265.3
O0327,C080,P060,2025-01-23,West,5,0.0,883.09,-99.77
O0328,C013,P052,2023-08-12,East,1,0.1,413.33,26.92
O0329,C072,P045,2024-09-16,North,8,0.2,2218.71,306.56
O0330,C009,P031,2023-09-30,East,9,0.15,334.73,-60.77
O0331,C003,P090,2025-04-21,North,10,0.2,2870.43,648.81
O0332,C026,P096,2023-10-04,North,2,0.2,79.64,-6.81
O0333,C033,P083,2025-06-14,West,10,0.0,1741.53,475.15
O0334,C007,P027,2023-11-22,South,4,0.15,1287.77,132.99
O0335,C085,P096,2024-12-29,North,6,0.2,968.4,117.03
O0336,C050,P029,2024-10-04,South,8,0.2,1965.54,134.71
O0337,C066,P100,2024-04-08,East,7,0.15,2780.27,-78.43
O0338,C064,P050,2024-07-13,South,7,0.15,1359.98,317.23
O0339,C100,P098,2024-09-28,South,6,0.15,1742.41,380.9
O0340,C066,P068,2024-04-03,West,5,0.15,450.76,118.13
O0341,C060,P093,2025-01-23,North,3,0.0,1204.21,-174.07
O0342,C036,P004,2024-08-16,South,5,0.15,615.97,-122.66
O0343,C089,P004,2024-03-10,North,1,0.1,142.01,30.4
O0344,C048,P061,2025-04-01,South,6,0.1,1424.11,-253.85
O0345,C002,P050,2023-09-01,East,1,0.0,321.4,71.6
O0346,C060,P002,2024-09-26,West,1,0.2,230.56,52.45
O0347,C094,P078,2025-06-04,West,3,0.2,850.33,-20.41
O0348,C073,P011,2025-02-24,North,6,0.2,2359.99,494.73
O0349,C049,P047,2025-02-25,West,7,0.2,1733.79,76.72
O0350,C083,P018,2023-07-29,South,5,0.15,1990.43,501.96
O0351,C087,P061,2024-01-19,West,3,0.2,64.05,-7.42
O0352,C022,P055,2024-11-13,East,3,0.15,1254.2,64.37
O0353,C067,P070,2025-04-14,North,10,0.15,1002.35,-82.29
O0354,C091,P071,2025-06-11,West,5,0.1,197.14,-30.66
O0355,C053,P010,2024-10-11,West,7,0.2,1691.06,-235.88
O0356,C073,P053,2024-04-06,North,10,0.15,494.59,-25.99
O0357,C061,P063,2025-03-27,South,2,0.0,395.84,-32.4
O0358,C057,P050,2023-10-17,East,10,0.15,3351.04,49.92
O0359,C073,P012,2023-08-08,North,6,0.0,1571.05,424.59
O0360,C025,P045,2024-08-25,West,8,0.15,622.74,-52.97
O0361,C081,P058,2024-08-16,North,2,0.15,577.69,15.55
O0362,C008,P013,2024-01-12,North,8,0.1,3395.4,426.04
O0363,C045,P079,2023-11-28,West,3,0.2,369.97,90.47
O0364,C003,P005,2024-11-22,South,6,0.15,1238.38,-77.03
O0365,C041,P068,2025-03-16,West,7,0.2,926.16,-13.53
O0366,C091,P027,2024-07-20,East,9,0.0,3175.23,-514.09
O0367,C033,P051,2023-09-06,West,7,0.0,2728.69,-186.08
O0368,C005,P082,2023-11-03,North,9,0.2,1828.24,21.8
O0369,C091,P086,2024-01-28,West,6,0.1,1292.23,334.09
O0370,C069,P037,2024-01-26,West,3,0.1,1277.36,-86.65
O0371,C015,P001,2024-02-04,South,2,0.15,581.66,149.21
O0372,C076,P070,2025-06-19,South,3,0.15,233.3,-27.8
O0373,C004,P018,2025-06-05,West,6,0.2,1383.52,-248.65
O0374,C067,P055,2024-12-18,West,1,0.15,376.3,-72.41
O0375,C071,P019,2025-07-06,South,7,0.15,2438.31,-372.95
O0376,C074,P053,2024-08-16,South,3,0.2,723.75,-63.36
O0377,C006,P093,2025-06-03,East,10,0.15,2374.89,-467.52
O0378,C058,P082,2024-05-13,North,7,0.2,1306.46,19.77
O0379,C083,P090,2024-12-15,South,4,0.15,179.4,-25.66
O0380,C063,P031,2023-11-22,West,4,0.1,295.21,22.7
O0381,C076,P099,2024-01-18,North,9,0.1,3897.28,-307.77
O0382,C013,P036,2024-03-03,North,7,0.1,1391.49,253.63
O0383,C020,P039,2024-06-25,West,6,0.2,1244.34,-33.3
O0384,C004,P011,2023-10-10,South,2,0.0,852.75,106.86
O0385,C076,P032,2025-04-17,West,9,0.1,381.18,82.02
O0386,C084,P075,2023-10-09,West,5,0.0,1514.86,273.36
O0387,C090,P093,2024-10-27,South,5,0.15,93.37,-7.59
O0388,C052,P072,2025-03-27,North,6,0.2,1193.32,-64.62
O0389,C033,P005,2023-09-07,West,3,0.15,1256.41,-25.26
O0390,C095,P009,2023-12-22,South,4,0.0,1069.05,136.97
O0391,C002,P073,2025-03-26,West,5,0.2,292.61,-26.45
O0392,C011,P002,2024-07-10,North,5,0.0,1985.92,-104.99
O0393,C056,P058,2024-08-17,North,10,0.15,1584.23,39.37
O0394,C038,P070,2025-05-06,West,3,0.1,425.84,93.7
O0395,C012,P046,2024-02-07,North,2,0.1,828.06,125.38
O0396,C076,P002,2024-03-22,East,9,0.2,3312.21,284.72
O0397,C042,P045,2023-12-22,East,2,0.2,507.71,-71.37
O0398,C035,P096,2025-03-02,South,9,0.15,1899.72,-282.76
O0399,C056,P060,2025-05-31,South,1,0.15,263.31,-5.27
O0400,C034,P025,2025-02-28,West,5,0.1,707.01,-37.97
O0401,C029,P098,2023-09-22,South,7,0.0,2107.82,190.52
O0402,C061,P063,2025-05-05,East,7,0.15,984.02,-84.14
O0403,C076,P076,2024-02-19,North,4,0.0,1670.34,236.48
O0404,C037,P054,2025-05-06,South,10,0.0,701.24,54.43
O0405,C070,P019,2023-11-07,West,3,0.2,658.05,133.37
O0406,C052,P057,2023-08-08,West,2,0.2,45.45,5.94
O0407,C012,P041,2024-12-31,East,10,0.2,3260.45,391.7
O0408,C048,P088,2024-10-31,West,7,0.2,1939.93,-194.6
O0409,C046,P041,2023-07-30,South,3,0.15,1020.18,148.09
O0410,C019,P034,2024-03-03,West,3,0.0,1272.62,137.81
O0411,C036,P066,2023-10-16,East,9,0.2,903.01,228.78
O0412,C040,P017,2025-07-12,East,5,0.15,1580.26,15.67
O0413,C047,P071,2023-11-16,North,4,0.2,693.9,75.03
O0414,C096,P053,2023-11-21,South,9,0.0,2562.15,362.28
O0415,C088,P032,2025-05-10,South,2,0.1,409.83,58.31
O0416,C021,P051,2024-01-18,East,3,0.15,836.07,-148.39
O0417,C046,P065,2023-10-05,East,1,0.15,312.6,-8.92
O0418,C042,P025,2023-09-30,East,2,0.15,524.21,134.67
O0419,C012,P054,2024-02-23,North,8,0.2,307.22,74.69
O0420,C032,P073,2023-09-01,West,3,0.15,1051.59,220.22
O0421,C012,P005,2024-09-06,West,8,0.15,722.12,-81.58
O0422,C064,P076,2024-11-30,South,7,0.2,2072.73,428.41
O0423,C061,P064,2024-12-16,East,4,0.2,273.55,18.98
O0424,C064,P089,2024-12-04,South,3,0.0,1202.06,-90.19
O0425,C044,P059,2024-10-26,West,10,0.1,1512.52,166.08
O0426,C030,P040,2024-05-28,South,5,0.15,1623.1,429.59
O0427,C031,P024,2025-06-03,North,2,0.0,63.81,0.57
O0428,C066,P084,2023-11-14,South,4,0.2,895.25,24.29
O0429,C047,P072,2023-07-25,East,7,0.0,381.0,67.13
O0430,C082,P075,2023-09-08,East,4,0.0,102.76,24.74
O0431,C018,P024,2023-11-13,West,10,0.2,1810.61,277.39
O0432,C064,P017,2024-12-31,South,4,0.1,101.64,7.87
O0433,C039,P085,2024-08-17,East,6,0.0,2237.99,-177.91
O0434,C054,P058,2023-11-04,East,5,0.1,2086.54,-341.18
O0435,C055,P098,2024-12-30,East,5,0.2,715.01,15.6
O0436,C044,P033,2023-12-27,North,5,0.1,578.9,53.26
O0437,C011,P039,2023-12-20,South,4,0.15,111.24,-17.33
O0438,C047,P006,2025-02-02,South,6,0.2,1220.97,349.84
O0439,C015,P032,2025-01-03,East,10,0.0,4765.71,221.32
O0440,C060,P004,2024-11-06,West,2,0.15,39.67,6.21
O0441,C050,P094,2025-02-09,North,2,0.1,181.01,-29.33
O0442,C018,P100,2024-12-24,North,10,0.1,4187.78,-622.05
O0443,C012,P061,2024-05-03,East,2,0.0,387.99,-39.61
O0444,C080,P059,2023-11-02,East,9,0.2,880.6,51.17
O0445,C001,P024,2024-08-19,West,2,0.15,255.44,71.15
O0446,C056,P004,2024-07-14,West,10,0.15,3655.09,-149.17
O0447,C055,P016,2024-02-16,North,6,0.1,1049.65,129.31
O0448,C087,P040,2024-08-03,North,6,0.1,295.93,-3.98
O0449,C040,P045,2024-09-18,North,9,0.2,3469.09,392.55
O0450,C055,P074,2024-02-10,North,5,0.1,593.31,27.63
O0451,C053,P074,2023-08-01,North,8,0.1,2198.6,556.9
O0452,C025,P070,2024-12-11,West,3,0.1,667.98,-58.08
O0453,C030,P052,2024-06-19,North,1,0.0,282.47,36.6
O0454,C081,P035,2024-07-12,South,4,0.15,97.82,-14.64
O0455,C032,P033,2025-05-21,East,3,0.15,133.84,15.66
O0456,C027,P067,2023-10-03,South,4,0.1,524.1,100.59
O0457,C096,P056,2025-01-04,East,2,0.2,147.8,-18.95
O0458,C080,P080,2024-05-31,West,3,0.2,647.82,61.65
O0459,C034,P088,2023-09-24,East,4,0.2,337.7,-51.94
O0460,C013,P006,2024-02-25,North,4,0.2,362.89,1.98
O0461,C062,P087,2024-12-10,East,1,0.15,397.31,-71.64
O0462,C034,P013,2025-04-24,South,7,0.2,1947.21,-334.76
O0463,C017,P039,2024-07-10,East,6,0.15,2346.42,622.26
O0464,C049,P041,2025-07-04,West,2,0.2,559.29,165.01
O0465,C015,P046,2024-01-26,East,4,0.0,1852.43,-316.74
O0466,C073,P077,2024-12-13,North,2,0.1,474.5,111.81
O0467,C041,P099,2024-11-03,West,6,0.2,1582.91,408.03
O0468,C053,P088,2024-12-11,North,10,0.15,3447.06,248.4
O0469,C001,P025,2023-08-17,East,6,0.15,828.23,140.73
O0470,C065,P074,2024-01-12,West,6,0.0,2845.16,777.88
O0471,C027,P068,2024-05-06,East,7,0.15,1544.65,228.02
O0472,C045,P012,2025-01-07,North,7,0.15,826.25,104.12
O0473,C044,P068,2023-11-04,South,9,0.2,2283.95,454.13
O0474,C054,P046,2025-04-25,East,10,0.1,1841.93,83.17
O0475,C069,P054,2025-04-12,West,7,0.0,800.06,-33.26
O0476,C028,P046,2024-10-19,West,1,0.15,218.54,38.32
O0477,C014,P071,2024-07-26,East,1,0.2,118.95,23.54
O0478,C085,P061,2024-11-16,North,9,0.2,403.48,105.87
O0479,C002,P099,2023-10-31,East,4,0.15,397.01,30.95
O0480,C026,P092,2023-11-17,West,2,0.1,252.68,7.52
O0481,C091,P093,2025-02-19,West,10,0.2,2445.73,642.67
O0482,C018,P097,2023-10-08,East,8,0.2,3191.25,268.74
O0483,C088,P084,2024-08-23,West,10,0.2,819.56,144.64
O0484,C005,P012,2024-01-03,West,9,0.15,3597.7,845.48
O0485,C093,P062,2025-02-19,South,2,0.2,797.57,160.87
O0486,C085,P015,2024-01-07,South,4,0.15,156.02,-28.02
O0487,C080,P033,2025-07-11,North,8,0.1,2492.46,-356.95
O0488,C044,P010,2025-05-22,North,2,0.2,706.59,8.63
O0489,C069,P033,2024-07-22,South,5,0.0,2445.41,-217.28
O0490,C100,P088,2024-04-29,North,5,0.0,1938.67,220.29
O0491,C083,P001,2024-10-19,East,5,0.1,1666.83,-300.87
O0492,C018,P082,2025-06-20,East,3,0.15,1205.64,-187.43
O0493,C079,P064,2024-04-25,North,4,0.15,358.32,-58.85
O0494,C031,P006,2024-05-01,South,10,0.1,4264.52,-631.43
O0495,C052,P009,2024-06-01,South,3,0.15,826.9,-144.17
O0496,C090,P034,2023-09-13,East,1,0.15,416.01,90.42
O0497,C052,P061,2023-12-07,East,6,0.15,825.2,-158.62
O0498,C092,P082,2024-09-18,South,4,0.15,314.61,17.72
O0499,C038,P018,2023-09-10,North,4,0.15,789.35,-74.0
O0500,C049,P016,2025-04-03,East,8,0.2,350.83,19.63
